{
    "meta": {
        "run_id": "e60a5bbb-7002-43b4-a19a-e715e97c6b7e",
        "timestamp": "2025-12-23T14:01:17.268593Z",
        "dataset": "Kepler"
    },
    "results": {
        "RandomForest": {
            "accuracy": 0.9849498327759197,
            "precision": 0.9874776386404294,
            "recall": 0.9963898916967509,
            "f1": 0.9919137466307277,
            "auc": 0.9874671808336069
        },
        "XGBoost": {
            "accuracy": 0.9866220735785953,
            "precision": 0.989247311827957,
            "recall": 0.9963898916967509,
            "f1": 0.9928057553956835,
            "auc": 0.9961847719067934
        },
        "LogisticRegression": {
            "accuracy": 0.9665551839464883,
            "precision": 0.9819494584837545,
            "recall": 0.9819494584837545,
            "f1": 0.9819494584837545,
            "auc": 0.9824417459796521
        }
    }
}